,psraid,form_abc,q2a,q2b,q2ef2,q6f2,q7ef2,q7ff2,q7gf2,q7hf2,q8df2,q8ef2,q8ff2,q11fa,q12fb,q13fc,educ2,schl,qe1,qe3,q16,q17,q18,q22f2,q23,q27,q32,q35,q49,q50a,q50b,q50c,q53ef2,q53ff2,q53gf2,q53hf2,q54a,q54b,q54c,q54d,q54e,q54f,q54g,q54h,sex,age,recage,recage2,gen5,marital,parent,hisp,race3m1,race3m2,race3m3,race3m4,racethn,racethn2,racecmb,birth_hisp,usborn1a,relig,chr,born,attend,income,reg,party,partyln,partysum,partyideo,ideo,ownrent,labor,hh1,hh3,ql1,ql1a,qc1,usr,cregion,state,density,child,laborsum,adults,ll,cp
2517,204798,1,1,2,1,2,1,2,1,1,1,1,2,2,NA,NA,7,5,3,1,1,NA,1,1,2,2,1,1,2,3,1,1,5,2,2,2,2,1,1,4,2,2,1,5,1,30,2,2,5,2,2,2,1,NA,NA,NA,1,1,1,NA,2,1,NA,2,3,7,3,1,NA,1,2,3,2,4,2,2,NA,NA,2,S,1,34,4,0,1,2,0,1
3759,209757,2,2,2,1,1,1,2,1,1,3,1,1,NA,2,NA,8,6,3,1,1,NA,1,3,1,1,2,1,2,1,1,1,3,1,4,3,1,1,2,4,2,2,1,2,1,50,4,3,4,1,2,2,1,NA,NA,NA,1,1,1,NA,1,12,NA,NA,6,8,1,3,2,2,3,3,1,4,2,2,NA,NA,2,S,4,8,3,0,1,2,0,1
4726,213634,1,1,2,1,1,2,9,1,1,1,1,1,2,NA,NA,3,6,3,1,1,NA,4,2,1,2,2,2,2,NA,NA,NA,4,2,4,2,2,2,2,2,2,2,2,2,1,27,2,1,5,1,1,1,7,NA,NA,NA,3,4,5,3,NA,2,NA,1,2,3,3,3,1,1,3,2,1,4,4,2,NA,NA,2,S,3,40,3,2,1,2,0,1
2248,203759,2,1,1,1,2,2,2,1,1,1,1,2,NA,3,NA,6,6,3,1,1,NA,1,1,2,2,1,1,2,2,2,2,3,3,4,3,1,1,3,5,1,1,1,5,1,54,4,3,3,1,2,2,1,NA,NA,NA,1,1,1,NA,2,2,NA,2,3,9,1,1,NA,1,1,2,1,4,4,4,NA,NA,1,S,1,34,4,0,1,3,1,1
1419,200669,3,2,2,2,2,2,3,3,1,2,2,2,NA,NA,3,4,6,3,1,1,NA,1,1,1,2,2,1,1,NA,NA,NA,3,2,4,2,3,3,3,4,3,3,2,4,1,57,5,3,3,1,1,2,1,NA,NA,NA,1,1,1,NA,1,10,NA,NA,4,8,1,2,NA,2,4,2,1,NA,3,2,NA,NA,2,S,4,6,3,1,1,2,0,1
2995,206617,1,2,2,2,2,1,1,1,1,1,1,1,2,NA,NA,4,6,3,2,1,NA,1,3,2,1,2,1,3,NA,NA,NA,1,1,1,1,1,1,3,3,3,1,1,1,1,25,2,1,5,6,2,2,2,NA,NA,NA,2,2,2,NA,1,12,NA,NA,5,99,3,3,9,9,3,3,9,4,4,3,NA,NA,1,S,1,42,3,1,1,3,1,1
1283,200106,2,1,1,1,2,2,2,1,1,2,1,1,NA,1,NA,8,6,3,1,1,NA,3,1,2,2,1,1,1,1,1,1,2,2,3,1,1,1,1,4,1,3,1,3,2,36,3,2,4,6,2,2,1,NA,NA,NA,1,1,1,NA,1,1,NA,2,2,6,1,3,9,9,3,3,1,NA,1,NA,NA,NA,2,U,2,19,2,0,1,1,0,1
3415,208431,1,1,3,2,2,2,2,1,1,1,1,1,3,NA,NA,6,6,3,1,1,NA,4,1,2,1,1,1,1,2,2,1,4,2,3,2,1,1,1,1,4,3,1,1,1,33,2,2,5,2,1,2,1,NA,NA,NA,1,1,1,NA,1,9,NA,NA,6,8,1,4,9,9,9,3,2,4,3,2,NA,NA,2,U,4,6,5,1,1,2,0,1
4498,212588,2,1,2,1,1,1,1,1,1,1,2,2,NA,2,NA,4,4,3,2,3,1,1,2,1,1,1,1,1,NA,NA,NA,5,3,3,2,1,2,2,2,5,3,2,1,2,18,1,1,5,6,2,2,1,NA,NA,NA,1,1,1,NA,1,13,NA,2,5,5,3,3,2,2,3,3,4,4,4,3,NA,NA,1,U,3,51,4,1,1,3,1,1
4622,213180,2,2,2,2,2,2,2,1,1,2,2,1,NA,2,NA,6,6,3,1,1,NA,3,1,1,1,1,2,2,1,2,1,3,2,2,2,1,3,1,3,1,3,1,3,2,36,3,2,4,1,1,2,3,NA,NA,NA,4,5,3,NA,2,13,NA,2,2,4,1,2,NA,2,4,3,1,1,6,4,NA,NA,1,S,4,6,5,2,1,3,1,1
4044,210750,1,1,1,1,1,1,2,1,1,2,2,1,2,NA,NA,4,6,3,1,1,NA,3,1,1,2,1,1,1,NA,NA,NA,3,2,4,2,2,1,3,4,2,3,1,4,2,61,5,3,3,6,2,2,2,NA,NA,NA,2,2,2,NA,1,2,NA,2,4,7,1,2,NA,2,4,3,2,4,1,NA,NA,NA,1,S,3,24,4,0,1,1,1,1
2064,203042,2,1,2,1,2,2,2,1,2,3,1,3,NA,2,NA,4,6,3,1,1,NA,1,3,2,1,3,1,2,NA,NA,NA,4,2,3,1,2,2,2,3,4,2,4,2,1,48,4,2,4,1,1,1,7,NA,NA,NA,3,4,5,3,NA,2,NA,2,2,5,3,3,9,9,3,2,2,4,6,4,NA,NA,2,S,4,4,3,2,1,3,0,1
4585,213007,2,1,1,2,2,2,2,9,1,1,1,1,NA,4,NA,3,6,3,1,1,NA,1,1,1,1,1,9,9,NA,NA,NA,9,2,9,2,2,2,2,2,5,5,3,1,1,28,2,1,5,2,1,2,1,NA,NA,NA,1,1,1,NA,1,10,NA,NA,6,2,1,3,9,9,3,5,1,4,3,2,NA,NA,2,U,2,39,4,1,1,2,0,1
3086,207071,2,1,2,1,1,2,2,1,1,3,1,2,NA,5,NA,4,6,2,2,1,NA,1,3,1,1,NA,1,9,NA,NA,NA,3,3,2,4,3,5,5,2,5,5,3,2,1,81,6,4,2,1,2,2,1,NA,NA,NA,1,1,1,NA,1,1,NA,1,1,4,1,1,NA,1,1,1,1,4,2,2,NA,NA,1,U,2,39,3,0,1,2,1,1
2596,205050,3,1,2,2,2,2,2,2,1,2,2,1,NA,NA,2,8,6,3,1,1,NA,4,1,2,2,2,1,2,1,1,1,3,2,1,2,1,1,3,3,1,3,1,5,1,58,5,3,3,1,2,2,1,NA,NA,NA,1,1,1,NA,2,4,NA,2,5,99,1,3,9,9,3,5,1,2,4,4,NA,NA,1,U,2,26,5,0,1,3,1,1
2473,204611,2,1,2,2,2,1,2,3,1,3,2,2,NA,3,NA,8,6,3,1,1,NA,3,1,1,1,2,1,3,3,2,2,3,3,2,2,2,2,2,5,2,3,2,4,1,54,4,3,3,1,2,2,1,NA,NA,NA,1,1,1,NA,1,1,NA,1,1,9,2,3,9,9,3,3,1,4,4,3,NA,NA,1,S,4,15,4,1,1,3,1,1
4991,214875,1,1,3,1,2,2,2,1,2,1,1,1,3,NA,NA,8,4,3,1,1,NA,3,1,2,1,2,2,9,1,1,1,3,4,4,2,2,2,2,4,2,2,2,2,2,34,2,2,5,1,1,2,1,2,NA,NA,4,5,4,NA,1,2,NA,2,2,6,1,2,NA,2,5,5,2,4,3,2,NA,NA,2,U,2,17,5,1,1,2,0,1
3050,206870,2,1,2,5,2,2,2,1,1,3,3,1,NA,3,NA,3,6,1,2,1,NA,4,3,2,1,NA,1,2,NA,NA,NA,2,3,2,2,2,2,2,5,2,2,2,5,1,70,6,4,3,1,2,2,1,NA,NA,NA,1,1,1,NA,1,1,NA,1,1,6,1,3,9,9,3,2,1,4,2,2,NA,NA,1,U,3,37,2,0,1,2,1,1
3322,208016,1,1,1,5,1,1,1,2,1,9,1,4,3,NA,NA,4,4,3,2,1,NA,4,2,3,1,3,2,1,NA,NA,NA,5,4,3,4,2,2,2,4,1,4,2,3,1,18,1,1,5,6,2,2,1,NA,NA,NA,1,1,1,NA,2,5,NA,NA,1,8,2,1,NA,1,1,2,3,4,3,3,NA,NA,2,U,2,17,5,0,1,3,0,1
2917,206314,1,1,2,2,1,1,1,1,1,1,1,3,1,NA,NA,3,6,3,1,1,NA,1,2,1,1,1,1,1,NA,NA,NA,2,2,1,1,1,1,1,1,1,2,1,2,2,19,1,1,5,6,1,1,1,NA,NA,NA,3,3,1,1,NA,12,NA,NA,3,4,3,2,NA,2,4,2,3,4,9,9,NA,NA,1,S,4,49,3,99,1,2,1,1
2555,204909,1,2,5,5,2,2,2,2,2,3,1,2,4,NA,NA,6,6,3,2,2,1,4,3,1,2,3,2,3,2,1,3,3,3,3,3,1,2,2,2,3,3,1,2,1,66,6,4,3,3,2,2,9,NA,NA,NA,9,9,9,NA,1,11,1,2,2,1,1,3,9,9,3,2,5,4,1,NA,NA,NA,2,S,4,6,4,0,1,1,0,1
4081,210868,1,1,1,2,2,2,1,1,1,4,4,4,4,NA,NA,3,6,3,1,1,NA,1,2,2,1,1,1,2,NA,NA,NA,4,3,3,1,1,1,1,1,1,3,1,1,1,40,3,2,4,1,2,2,1,NA,NA,NA,1,1,1,NA,1,2,NA,2,4,9,1,1,NA,1,1,2,1,4,2,2,NA,NA,2,S,1,9,4,0,1,2,0,1
412,101797,2,2,2,1,2,2,2,9,1,1,1,2,NA,2,NA,3,6,3,1,1,NA,1,1,1,2,1,1,3,NA,NA,NA,4,3,3,2,3,3,3,5,5,5,1,3,2,51,4,3,4,3,1,2,1,NA,NA,NA,1,1,1,NA,1,2,NA,1,5,7,1,3,1,1,3,2,1,1,3,1,1,NA,NA,S,3,12,2,2,1,1,1,1
4772,213823,2,2,1,2,2,2,2,1,1,3,3,2,NA,2,NA,3,6,3,2,2,1,3,3,2,1,1,1,1,NA,NA,NA,4,2,2,4,2,1,2,4,3,2,1,3,1,18,1,1,5,6,2,2,1,NA,NA,NA,1,1,1,NA,1,3,NA,2,2,6,1,3,1,1,3,3,4,4,4,4,NA,NA,1,R,4,49,1,0,1,3,1,1
2393,204289,1,2,2,1,2,2,1,1,1,4,2,1,2,NA,NA,4,6,3,1,1,NA,4,1,1,1,1,1,3,NA,NA,NA,4,2,2,1,1,1,1,3,3,3,1,1,1,60,5,3,3,3,2,2,1,NA,NA,NA,1,1,1,NA,1,5,NA,NA,9,8,9,3,9,9,3,3,1,4,1,NA,NA,NA,2,U,2,39,5,0,1,1,0,1
3041,206836,2,1,1,1,1,2,2,1,1,3,2,2,NA,1,NA,8,6,3,1,2,1,1,1,3,1,1,1,1,1,1,1,2,2,3,3,2,2,3,2,2,3,2,2,2,33,2,2,5,1,1,2,1,NA,NA,NA,1,1,1,NA,1,1,NA,1,1,7,1,1,NA,1,1,1,1,4,4,2,NA,NA,2,R,4,35,1,2,1,2,0,1
4332,211866,3,1,1,1,1,2,2,1,1,2,1,1,NA,NA,2,8,6,3,1,1,NA,1,1,1,2,1,1,1,1,2,2,3,2,2,2,1,2,3,5,1,2,1,4,1,54,4,3,3,1,1,2,1,NA,NA,NA,1,1,1,NA,1,10,NA,NA,5,9,1,2,NA,2,5,4,1,4,4,3,NA,NA,1,S,3,51,3,1,1,3,1,1
1577,201227,2,1,2,3,2,1,2,1,1,2,1,3,NA,2,NA,4,6,3,1,1,NA,1,1,2,1,2,2,1,NA,NA,NA,3,1,4,2,1,2,2,5,1,4,2,3,1,40,3,2,4,1,1,2,1,3,NA,NA,4,5,4,NA,1,12,NA,NA,6,9,2,4,9,9,9,9,2,NA,4,2,NA,NA,1,S,4,15,4,2,1,2,1,1
2534,204851,2,1,1,1,1,2,2,1,1,2,2,1,NA,2,NA,6,6,3,1,1,NA,1,2,2,2,2,2,2,1,1,1,2,2,2,1,1,1,2,1,1,1,1,1,1,51,4,3,4,5,1,1,1,NA,NA,NA,3,3,1,1,NA,2,NA,2,3,7,1,1,NA,1,2,3,2,4,3,1,NA,NA,2,U,3,48,5,2,1,1,0,1
4482,212501,2,1,4,2,2,2,2,1,9,4,1,4,NA,1,NA,6,6,3,1,2,1,4,1,1,1,2,1,1,1,1,1,3,2,2,2,1,1,1,1,4,3,1,1,2,59,5,3,3,3,2,2,1,NA,NA,NA,1,1,1,NA,1,12,NA,NA,5,2,1,3,9,9,3,3,1,4,1,NA,NA,NA,2,U,3,40,4,0,1,1,0,1
1273,200073,3,1,4,1,1,1,2,1,2,1,1,1,NA,NA,2,3,6,3,1,1,NA,1,1,1,1,1,2,2,NA,NA,NA,9,2,1,1,2,2,2,4,2,1,2,2,1,49,4,2,4,6,2,2,2,NA,NA,NA,2,2,2,NA,1,13,NA,1,6,99,1,2,NA,2,4,1,2,NA,1,NA,NA,NA,2,U,2,17,5,0,1,1,0,1
3295,207872,2,1,1,2,2,1,3,1,1,4,2,2,NA,1,NA,8,6,3,1,1,NA,3,1,2,2,2,1,1,2,2,3,5,5,5,2,2,2,3,5,2,3,3,5,2,35,3,2,5,1,1,2,1,NA,NA,NA,1,1,1,NA,1,2,NA,2,3,8,1,1,NA,1,2,3,1,4,5,2,NA,NA,1,R,2,55,1,3,1,2,1,1
830,103455,2,1,1,1,2,2,2,1,1,2,2,2,NA,2,NA,6,6,3,1,1,NA,1,1,2,1,4,1,2,3,2,1,3,3,3,2,2,2,3,5,3,3,1,4,1,61,5,3,3,1,2,2,1,NA,NA,NA,1,1,1,NA,1,12,NA,NA,6,8,1,2,NA,2,5,4,1,4,2,2,1,NA,NA,U,3,12,3,0,1,2,1,1
1352,200407,3,1,3,3,2,1,9,1,1,1,3,3,NA,NA,2,2,6,3,1,1,NA,1,2,1,NA,1,2,1,NA,NA,NA,1,1,1,2,1,1,1,1,1,1,1,1,1,22,1,1,5,3,2,1,7,NA,NA,NA,3,4,5,3,NA,13,NA,1,1,3,3,3,9,9,3,2,2,4,3,3,NA,NA,2,S,1,34,5,0,1,3,0,1
1719,201703,1,1,1,1,2,1,2,1,1,2,2,1,1,NA,NA,6,6,3,1,1,NA,1,1,2,1,1,2,1,1,1,1,3,2,2,2,3,1,1,3,2,2,1,3,1,36,3,2,4,3,1,2,1,NA,NA,NA,1,1,1,NA,1,1,NA,2,5,8,1,1,NA,1,1,2,1,NA,1,NA,NA,NA,2,S,1,36,2,0,1,1,0,1
3253,207754,2,2,4,2,2,2,1,1,1,1,1,1,NA,2,NA,2,6,3,1,1,NA,1,3,1,NA,1,1,2,NA,NA,NA,3,3,2,2,2,2,2,1,3,2,2,2,1,48,4,2,4,2,2,1,7,NA,NA,NA,3,3,5,1,NA,12,NA,NA,6,3,1,9,9,9,9,4,1,4,1,NA,NA,NA,2,S,3,48,3,0,1,1,0,1
3890,210272,1,1,2,2,2,1,2,2,2,2,2,1,2,NA,NA,3,6,3,1,2,1,2,3,1,1,1,1,1,NA,NA,NA,3,3,3,3,1,1,3,4,3,3,2,1,2,29,2,1,5,2,1,2,1,NA,NA,NA,1,1,1,NA,2,12,NA,NA,3,4,3,1,NA,1,1,2,2,4,3,2,NA,NA,2,S,1,25,4,1,1,2,0,1
2426,204445,1,3,2,1,2,2,2,1,2,1,1,3,3,NA,NA,3,6,3,1,8,1,1,1,1,1,3,1,2,NA,NA,NA,4,3,2,4,1,2,3,3,4,5,1,1,1,39,3,2,4,2,1,2,1,NA,NA,NA,1,1,1,NA,1,12,NA,NA,6,5,1,1,NA,1,1,2,2,4,4,2,NA,NA,2,R,3,40,1,2,1,2,0,1
916,103794,1,2,2,2,2,2,2,1,1,2,1,1,2,NA,NA,6,6,3,1,1,NA,3,1,3,1,1,2,1,2,2,3,4,3,3,1,2,2,2,4,2,3,3,3,1,47,4,2,4,6,2,2,1,NA,NA,NA,1,1,1,NA,1,1,NA,1,3,7,1,2,NA,2,4,3,1,4,1,NA,1,NA,NA,S,3,48,2,0,1,1,1,1
3243,207732,2,1,2,1,2,2,2,2,2,2,2,1,NA,2,NA,5,6,3,1,1,NA,1,1,1,1,1,2,2,1,2,1,3,2,2,1,1,1,1,4,2,3,1,2,2,39,3,2,4,1,1,2,1,NA,NA,NA,1,1,1,NA,1,1,NA,2,5,7,1,3,1,1,3,3,1,4,5,3,NA,NA,1,R,2,19,1,2,1,3,1,1
1675,201526,1,1,1,1,2,2,2,1,2,4,3,3,3,NA,NA,6,6,3,1,1,NA,1,1,1,2,1,2,2,2,1,1,2,1,1,1,1,2,1,1,1,2,1,1,1,43,3,2,4,1,1,2,3,NA,NA,NA,4,5,3,NA,2,7,NA,NA,4,7,1,2,NA,2,5,5,1,NA,5,2,NA,NA,2,S,4,6,5,3,1,2,0,1
1471,200914,1,1,2,1,1,2,1,1,1,3,1,1,2,NA,NA,8,6,3,1,1,NA,2,1,2,2,1,1,1,2,1,1,5,2,3,2,2,2,2,4,2,3,2,4,1,39,3,2,4,1,1,2,1,NA,NA,NA,1,1,1,NA,1,2,NA,2,2,6,1,2,NA,2,5,4,1,NA,4,2,NA,NA,1,U,4,35,1,2,1,2,1,1
3495,208738,2,1,1,1,2,2,2,2,1,1,2,1,NA,2,NA,5,6,3,1,1,NA,1,1,2,1,1,1,2,2,2,2,3,3,3,2,1,2,3,1,2,3,1,2,1,62,5,3,3,1,2,2,2,NA,NA,NA,2,2,2,NA,1,1,NA,2,4,7,1,2,NA,2,4,3,1,4,2,2,NA,NA,1,U,3,37,4,0,1,2,1,1
1515,201059,1,1,2,2,9,2,2,1,1,1,2,2,4,NA,NA,5,6,3,1,1,NA,1,3,1,1,3,1,1,3,3,3,1,3,3,1,1,1,1,5,3,4,1,5,2,35,3,2,5,2,1,2,2,NA,NA,NA,2,2,2,NA,1,1,NA,1,3,6,1,3,2,2,3,3,1,NA,4,2,NA,NA,1,U,3,12,2,2,1,2,1,1
962,103971,2,1,1,1,2,2,9,1,1,3,2,1,NA,3,NA,5,4,3,1,1,NA,1,2,2,1,1,2,2,2,2,2,2,2,2,3,1,3,2,1,3,2,2,3,1,22,1,1,5,6,2,1,7,NA,NA,NA,3,4,5,3,NA,12,NA,NA,6,3,3,4,9,9,9,9,4,4,7,3,1,NA,NA,U,4,6,2,4,1,3,1,1
2449,204515,3,1,2,1,2,1,2,1,1,1,3,4,NA,NA,1,3,6,3,1,2,1,1,1,2,1,2,2,2,NA,NA,NA,1,1,1,1,1,1,1,1,1,1,1,1,2,28,2,1,5,6,2,1,7,NA,NA,NA,3,3,5,1,NA,2,NA,1,2,3,3,2,NA,2,4,3,4,4,7,7,NA,NA,2,U,2,17,5,0,1,3,0,1
972,103999,1,1,4,2,2,2,2,1,2,3,2,2,2,NA,NA,3,6,3,1,1,NA,1,3,1,1,3,1,2,NA,NA,NA,3,3,3,2,2,2,2,2,3,5,2,3,1,63,5,3,3,1,2,2,1,NA,NA,NA,1,1,1,NA,1,1,NA,1,5,4,1,1,NA,1,1,1,2,4,2,2,1,NA,NA,S,3,12,2,0,1,2,1,1
209,100839,3,3,2,3,2,2,2,3,1,4,4,1,NA,NA,2,6,6,3,1,1,NA,1,3,2,2,1,1,2,1,2,1,5,3,2,2,1,2,1,5,2,3,1,3,1,56,5,3,3,5,2,2,1,NA,NA,NA,1,1,1,NA,1,1,NA,1,2,8,1,1,NA,1,1,1,1,NA,1,NA,1,NA,NA,S,2,29,4,0,1,1,1,1
4162,211203,1,1,2,2,1,2,3,2,1,1,1,1,2,NA,NA,8,6,3,1,1,NA,3,1,2,2,1,1,1,2,1,1,4,2,3,1,1,1,2,5,1,4,1,5,1,55,5,3,3,1,1,2,1,NA,NA,NA,1,1,1,NA,1,1,NA,2,3,8,1,2,NA,2,5,4,1,4,3,2,NA,NA,1,U,3,37,4,1,1,2,1,1
637,102686,2,1,2,1,2,1,2,1,1,1,1,1,NA,4,NA,6,5,3,1,1,NA,1,1,2,2,1,2,2,3,2,1,4,2,2,1,1,1,1,3,1,1,1,3,2,42,3,2,4,1,2,2,1,NA,NA,NA,1,1,1,NA,9,7,NA,NA,4,8,1,2,NA,2,5,5,1,4,2,2,1,NA,NA,R,3,13,2,0,1,2,1,1
4711,213577,3,1,1,1,1,2,2,2,1,2,2,1,NA,NA,2,5,6,3,1,1,NA,1,1,1,1,1,1,2,4,1,3,1,2,3,2,2,2,2,1,3,3,1,1,1,57,5,3,3,1,2,2,1,NA,NA,NA,1,1,1,NA,1,1,NA,1,1,8,1,1,NA,1,1,1,1,1,3,3,NA,NA,1,U,3,48,5,0,1,3,1,1
271,101081,1,1,2,2,2,2,2,1,1,1,1,1,9,NA,NA,3,6,1,2,1,NA,1,3,1,1,NA,1,2,NA,NA,NA,1,1,1,1,2,1,5,5,2,3,2,5,1,64,5,3,3,3,2,2,1,NA,NA,NA,1,1,1,NA,1,12,NA,NA,6,5,1,3,9,9,3,2,2,NA,1,NA,1,NA,NA,U,4,41,1,0,1,1,1,1
4885,214326,3,2,3,2,2,1,2,1,1,2,2,1,NA,NA,4,8,6,3,1,1,NA,2,1,1,2,1,1,2,1,1,1,3,3,1,2,1,1,1,5,2,5,1,5,2,36,3,2,4,6,2,2,1,NA,NA,NA,1,1,1,NA,1,5,NA,NA,5,5,1,2,NA,2,5,5,2,4,1,NA,NA,NA,1,U,4,6,5,0,1,1,1,1
2423,204415,1,1,2,2,2,1,2,1,1,1,2,2,2,NA,NA,3,6,3,2,1,NA,1,2,2,1,2,1,2,NA,NA,NA,3,2,2,2,1,3,1,4,4,4,2,2,2,18,1,1,5,6,2,2,1,NA,NA,NA,1,1,1,NA,1,2,NA,2,3,1,3,2,NA,2,4,3,4,4,4,3,NA,NA,1,U,3,40,4,1,1,3,1,1
2618,205120,3,2,1,1,1,2,2,1,1,1,2,1,NA,NA,2,8,6,3,1,1,NA,2,1,2,2,1,1,2,1,1,1,3,3,2,2,3,1,2,2,5,5,1,5,1,50,4,3,4,1,1,2,3,NA,NA,NA,4,5,3,NA,2,7,NA,NA,4,9,1,3,2,2,3,4,1,4,5,3,NA,NA,1,S,2,27,5,2,1,3,1,1
2063,203040,1,1,2,1,1,9,2,1,1,1,1,1,5,NA,NA,6,6,3,1,4,1,4,3,2,1,1,1,3,1,1,1,2,1,1,1,1,1,1,1,1,1,1,1,1,34,2,2,5,6,2,1,7,NA,NA,NA,3,4,5,3,NA,12,NA,NA,6,3,3,3,1,1,3,4,2,4,4,3,NA,NA,2,U,4,6,3,1,1,3,0,1
1536,201115,3,2,2,2,1,2,2,1,1,1,2,1,NA,NA,2,5,6,3,1,1,NA,1,2,2,1,2,2,1,2,2,3,4,3,4,2,1,1,1,1,5,3,5,3,1,27,2,1,5,6,2,2,3,NA,NA,NA,4,5,3,NA,1,12,NA,NA,5,5,9,2,NA,2,5,4,1,NA,2,2,NA,NA,1,U,1,44,4,0,1,2,1,1
1159,104895,1,1,2,2,2,3,2,2,1,2,2,3,3,NA,NA,4,6,3,1,1,NA,1,1,3,1,1,2,2,NA,NA,NA,5,1,1,1,1,1,2,5,1,2,1,5,2,47,4,2,4,1,1,2,1,NA,NA,NA,1,1,1,NA,1,1,NA,2,2,9,1,3,1,1,3,3,1,4,3,2,1,NA,NA,S,3,48,1,1,1,2,1,1
3802,209910,3,2,2,5,2,1,2,1,1,3,1,2,NA,NA,1,5,6,1,2,1,NA,4,9,2,1,NA,1,2,1,2,1,4,3,4,2,1,2,3,3,2,3,2,3,2,58,5,3,3,1,2,2,1,NA,NA,NA,1,1,1,NA,1,3,NA,2,2,6,1,1,NA,1,1,2,1,4,2,2,NA,NA,2,R,4,56,1,0,1,2,0,1
3475,208668,2,1,2,1,2,2,2,1,1,3,3,1,NA,2,NA,8,6,3,1,1,NA,1,2,3,1,1,1,3,2,1,2,5,3,4,2,2,1,2,5,1,2,1,5,1,29,2,1,5,1,1,2,1,NA,NA,NA,1,1,1,NA,1,1,NA,2,2,9,1,1,NA,1,1,2,4,4,5,4,NA,NA,2,S,1,42,2,1,1,3,0,1
1465,200890,3,1,4,2,2,2,2,1,1,2,2,1,NA,NA,2,8,6,3,1,1,NA,3,2,1,2,1,1,2,1,1,1,5,2,2,2,3,2,2,5,2,2,2,5,2,44,3,2,4,1,1,2,1,NA,NA,NA,1,1,1,NA,1,5,NA,NA,3,8,1,2,NA,2,5,5,1,1,5,2,NA,NA,1,U,3,11,5,3,1,2,1,1
1507,201029,2,2,2,2,2,1,9,1,1,2,1,1,NA,2,NA,3,6,3,1,1,NA,1,3,1,1,2,2,2,NA,NA,NA,3,3,3,2,2,3,3,2,3,4,2,2,1,49,4,2,4,6,1,2,1,NA,NA,NA,1,1,1,NA,1,12,NA,NA,6,3,3,2,NA,2,4,2,1,NA,2,1,NA,NA,2,U,4,41,1,1,1,1,0,1
2316,203991,3,1,1,1,2,1,2,2,1,1,1,1,NA,NA,2,3,6,3,1,1,NA,1,1,2,1,2,1,2,NA,NA,NA,3,1,2,2,2,2,3,2,2,2,2,3,1,53,4,3,3,1,2,2,1,NA,NA,NA,1,1,1,NA,1,12,NA,NA,4,99,1,2,NA,2,9,9,1,2,2,2,NA,NA,2,R,3,40,1,0,1,2,0,1
1578,201228,2,1,2,1,2,2,2,1,2,1,4,2,NA,2,NA,3,6,3,1,1,NA,1,1,2,2,1,1,2,NA,NA,NA,3,1,1,1,1,2,2,4,2,2,1,2,1,38,3,2,4,1,1,2,1,6,NA,NA,4,5,4,NA,1,13,NA,1,3,6,3,3,1,1,3,3,4,NA,6,4,NA,NA,1,S,4,15,4,2,1,3,1,1
3291,207866,3,3,4,2,2,1,2,1,2,1,1,1,NA,NA,2,3,4,3,1,1,NA,1,2,1,2,1,2,2,NA,NA,NA,3,1,3,1,2,1,3,2,1,3,2,2,1,23,1,1,5,6,2,2,3,NA,NA,NA,4,5,3,NA,2,6,NA,NA,1,4,3,3,2,2,3,3,4,4,6,4,NA,NA,2,U,1,36,5,2,1,3,0,1
1267,200033,3,1,2,1,2,2,2,1,1,4,2,2,NA,NA,2,8,6,3,1,2,1,2,1,2,2,1,1,2,1,1,1,2,3,2,2,3,2,3,3,3,3,2,4,1,34,2,2,5,1,1,2,1,NA,NA,NA,1,1,1,NA,1,1,NA,1,1,7,1,1,NA,1,1,2,1,NA,5,2,NA,NA,2,S,2,27,3,3,1,2,0,1
1315,200246,3,1,4,2,1,2,2,1,1,4,2,1,NA,NA,2,4,4,3,1,1,NA,2,3,1,1,1,1,1,NA,NA,NA,1,3,4,1,1,2,1,5,3,5,2,2,1,21,1,1,5,6,2,2,1,NA,NA,NA,1,1,1,NA,1,1,NA,2,4,9,1,3,2,2,3,1,2,NA,8,9,NA,NA,2,U,4,6,2,99,1,2,0,1
1405,200607,3,1,2,1,1,2,2,1,1,1,2,1,NA,NA,2,8,6,3,1,1,NA,1,1,1,1,1,1,1,3,1,2,4,3,2,1,2,1,3,5,1,3,2,5,2,60,5,3,3,3,1,2,1,NA,NA,NA,1,1,1,NA,1,9,NA,NA,6,7,1,2,NA,2,5,4,1,NA,2,1,NA,NA,2,U,4,53,4,1,1,1,0,1
1781,201930,3,1,2,1,1,2,2,2,2,2,2,2,NA,NA,1,6,6,3,1,1,NA,3,1,2,2,1,1,1,1,1,1,4,1,2,2,1,2,3,5,3,2,2,4,1,37,3,2,4,2,1,2,1,5,NA,NA,4,5,4,NA,1,13,1,1,3,8,3,1,NA,1,2,3,1,NA,5,3,NA,NA,2,S,1,34,5,2,1,3,0,1
2838,205982,3,1,2,2,2,2,2,1,1,2,2,3,NA,NA,2,6,6,3,1,1,NA,3,1,1,1,3,1,3,2,1,1,3,1,4,1,1,3,3,1,4,3,3,2,1,59,5,3,3,1,2,2,1,NA,NA,NA,1,1,1,NA,1,1,NA,1,3,8,3,1,NA,1,1,1,1,4,2,2,NA,NA,2,R,2,38,1,0,1,2,0,1
635,102682,2,1,3,1,2,2,2,1,1,1,1,1,NA,4,NA,3,6,3,1,1,NA,4,1,1,2,1,1,2,NA,NA,NA,2,2,2,2,1,2,1,4,3,3,1,2,2,54,4,3,3,1,2,2,1,NA,NA,NA,1,1,1,NA,1,1,NA,1,1,9,1,1,NA,1,1,2,1,2,3,3,1,NA,NA,U,2,39,2,0,1,3,1,1
280,101125,1,1,1,1,2,2,2,3,9,1,2,1,3,NA,NA,6,4,3,1,2,1,3,1,1,2,1,2,3,2,1,1,3,1,3,1,1,1,1,3,2,2,1,1,2,55,5,3,3,1,2,2,1,NA,NA,NA,1,1,1,NA,1,11,1,2,1,6,1,3,9,9,3,3,1,NA,3,3,1,NA,NA,R,2,27,3,0,1,3,1,1
3294,207871,1,2,3,1,1,2,2,1,2,2,2,1,3,NA,NA,6,6,3,1,2,1,2,2,1,1,2,1,1,2,1,2,3,1,1,1,2,2,2,4,3,3,2,3,2,48,4,2,4,6,1,2,2,NA,NA,NA,2,2,2,NA,2,12,NA,NA,6,4,1,2,NA,2,5,4,2,1,4,2,NA,NA,2,U,4,8,3,2,1,2,0,1
3347,208105,1,2,4,2,1,1,2,2,2,2,2,2,2,NA,NA,3,6,3,1,1,NA,1,1,2,1,1,1,2,NA,NA,NA,4,1,2,1,1,2,2,3,3,2,1,1,1,32,2,2,5,4,2,2,3,NA,NA,NA,4,5,3,NA,1,1,NA,1,1,1,3,4,9,9,9,9,5,4,3,3,NA,NA,2,S,3,12,2,0,1,3,0,1
3730,209674,2,1,2,1,1,2,2,1,1,2,2,2,NA,2,NA,3,6,3,1,1,NA,4,1,3,1,2,1,2,NA,NA,NA,3,2,2,1,1,1,1,4,1,3,2,3,2,31,2,2,5,1,1,2,1,NA,NA,NA,1,1,1,NA,1,2,NA,2,2,8,1,2,NA,2,5,4,1,4,3,2,NA,NA,2,S,3,24,2,1,1,2,0,1
1505,201020,3,1,1,2,1,2,2,1,1,2,3,1,NA,NA,3,8,6,3,1,1,NA,1,1,2,2,3,1,1,2,1,1,3,3,4,2,1,1,1,5,1,5,1,5,2,35,3,2,5,1,2,2,1,NA,NA,NA,1,1,1,NA,1,12,NA,NA,6,9,1,2,NA,2,5,5,2,NA,2,2,NA,NA,2,U,4,6,5,0,1,2,0,1
1512,201045,3,2,2,1,2,1,2,1,1,1,1,3,NA,NA,2,5,6,3,2,1,NA,5,2,1,1,1,1,2,1,1,2,3,2,2,1,1,2,2,5,5,5,2,3,1,34,2,2,5,6,1,2,2,NA,NA,NA,2,2,2,NA,1,13,1,1,4,3,1,2,NA,2,5,4,2,NA,5,2,NA,NA,2,U,2,17,3,3,1,2,0,1
1761,201843,2,2,2,1,2,1,2,1,1,4,3,1,NA,3,NA,5,6,3,1,1,NA,2,1,1,2,3,1,2,1,1,1,4,1,2,2,2,2,2,4,3,2,2,3,2,65,6,4,3,2,2,2,1,NA,NA,NA,1,1,1,NA,1,2,NA,2,5,7,1,1,NA,1,2,3,1,NA,2,2,NA,NA,2,R,4,8,1,0,1,2,0,1
4037,210736,1,2,2,2,2,2,2,2,2,1,1,1,1,NA,NA,3,6,3,1,1,NA,1,3,2,2,2,2,1,NA,NA,NA,1,1,1,1,1,1,1,4,4,1,1,1,2,51,4,3,4,1,1,2,2,NA,NA,NA,2,2,2,NA,1,1,NA,1,4,5,1,2,NA,2,4,2,1,4,3,2,NA,NA,1,S,3,37,2,1,1,2,1,1
2633,205176,2,1,4,1,2,1,1,1,1,4,2,1,NA,4,NA,6,6,3,1,1,NA,1,1,2,1,2,1,1,4,2,4,4,3,4,1,1,3,4,5,2,3,1,5,2,45,4,2,4,3,1,2,1,NA,NA,NA,1,1,1,NA,1,5,NA,NA,6,6,1,2,NA,2,4,3,1,4,3,1,NA,NA,1,S,2,17,4,2,1,1,1,1
2709,205491,1,2,4,3,2,2,2,3,1,2,2,1,3,NA,NA,5,6,3,1,1,NA,1,3,1,1,2,2,1,1,2,1,2,2,3,2,1,1,4,5,2,3,2,3,2,60,5,3,3,3,2,2,1,NA,NA,NA,1,1,1,NA,1,1,NA,2,5,3,1,3,2,2,3,4,2,1,4,2,NA,NA,1,S,2,29,4,2,1,2,1,1
2230,203685,1,2,2,5,2,2,2,1,1,2,2,2,2,NA,NA,8,6,1,2,1,NA,4,9,2,1,NA,1,3,1,2,1,2,2,2,2,1,2,3,4,4,5,2,4,1,78,6,4,2,1,2,2,1,NA,NA,NA,1,1,1,NA,1,2,NA,2,4,6,1,1,NA,1,1,1,1,4,3,3,NA,NA,1,S,1,36,4,0,1,3,1,1
2585,205002,3,1,2,2,2,1,2,1,2,4,3,3,NA,NA,2,4,6,3,1,3,1,4,1,1,1,2,1,2,NA,NA,NA,3,1,3,3,2,2,1,2,3,3,3,2,1,59,5,3,3,1,2,2,1,NA,NA,NA,1,1,1,NA,1,1,NA,2,5,9,1,1,NA,1,1,2,1,4,2,2,NA,NA,2,R,3,24,2,0,1,2,0,1
1820,202102,2,1,2,1,1,1,2,1,2,2,2,2,NA,2,NA,5,6,3,1,1,NA,1,1,2,1,2,1,2,2,2,2,3,3,2,2,2,2,3,4,2,2,2,3,2,42,3,2,4,1,1,2,2,NA,NA,NA,2,2,2,NA,1,1,NA,1,3,5,2,2,NA,2,5,4,1,NA,3,2,NA,NA,2,U,3,48,5,1,1,2,0,1
3510,208787,3,1,1,1,1,2,2,2,2,4,1,1,NA,NA,2,6,5,3,2,1,NA,2,1,1,1,1,1,2,1,1,2,3,2,2,2,1,2,3,5,5,4,1,1,2,46,4,2,4,1,1,2,1,NA,NA,NA,1,1,1,NA,1,12,NA,NA,2,8,1,1,NA,1,2,3,1,1,4,2,NA,NA,1,S,4,53,2,2,1,2,1,1
2269,203829,1,2,9,1,2,2,9,1,9,2,1,1,2,NA,NA,8,6,3,1,1,NA,3,2,1,1,1,1,1,2,1,1,3,2,2,2,1,2,1,5,2,4,2,5,2,24,1,1,5,6,2,2,1,3,NA,NA,4,5,4,NA,1,12,NA,NA,6,6,1,2,NA,2,5,5,2,1,2,2,NA,NA,2,U,1,36,5,0,1,2,0,1
1961,202677,2,1,1,1,2,2,2,1,1,2,1,1,NA,2,NA,4,6,2,2,2,1,4,1,1,1,NA,1,2,NA,NA,NA,1,1,1,1,2,2,2,3,2,2,2,3,1,70,6,4,3,1,2,2,1,NA,NA,NA,1,1,1,NA,1,1,NA,2,5,8,1,3,1,1,3,2,1,NA,2,2,NA,NA,2,U,2,55,3,0,1,2,0,1
2873,206165,2,1,2,1,2,2,2,1,1,2,2,1,NA,2,NA,5,6,3,1,1,NA,3,1,2,1,2,2,1,2,1,2,4,1,1,2,1,2,1,4,3,2,1,5,1,59,5,3,3,3,2,2,1,NA,NA,NA,1,1,1,NA,1,1,1,2,5,9,1,3,1,1,3,2,2,4,1,NA,NA,NA,1,R,4,53,1,0,1,1,1,1
3591,209125,3,2,2,2,1,2,2,9,9,1,1,2,NA,NA,2,8,6,3,1,1,NA,1,1,2,1,1,2,3,1,1,1,2,9,9,1,2,2,2,5,1,1,1,5,1,41,3,2,4,1,1,2,3,NA,NA,NA,4,5,3,NA,2,8,NA,NA,4,8,3,3,2,2,3,3,2,4,3,2,NA,NA,2,S,1,9,4,1,1,2,0,1
378,101644,2,1,3,3,2,2,2,2,1,2,1,2,NA,2,NA,6,6,3,1,1,NA,3,1,2,2,1,2,1,2,1,1,3,3,3,2,1,1,1,4,2,3,1,3,2,41,3,2,4,1,1,1,7,NA,NA,NA,3,3,5,1,NA,12,NA,NA,6,5,1,2,NA,2,5,5,2,1,4,2,1,NA,NA,U,4,35,3,2,1,2,1,1
4565,212931,2,1,1,1,2,2,2,1,1,4,2,1,NA,2,NA,5,2,3,1,1,NA,1,1,2,1,1,1,2,1,1,2,2,1,1,2,1,2,5,3,5,3,3,2,1,43,3,2,4,1,1,2,2,NA,NA,NA,2,2,2,NA,1,1,NA,1,1,8,1,2,NA,2,4,3,1,1,5,4,NA,NA,2,S,3,37,3,1,1,3,0,1
4681,213450,1,2,4,2,2,2,2,1,1,1,2,2,3,NA,NA,6,6,3,1,2,1,1,2,2,2,1,2,1,4,1,3,2,3,3,2,3,2,3,5,2,3,5,5,1,28,2,1,5,1,2,2,2,NA,NA,NA,2,2,2,NA,4,1,NA,2,2,3,1,2,NA,2,5,4,2,4,2,2,NA,NA,1,S,3,48,5,0,1,2,1,1
3255,207774,1,1,3,2,1,2,2,1,1,1,2,2,5,NA,NA,4,4,3,1,1,NA,3,2,1,2,1,1,1,NA,NA,NA,5,3,2,3,3,2,1,3,1,1,1,2,1,21,1,1,5,6,2,2,2,NA,NA,NA,2,2,2,NA,1,13,NA,1,3,6,1,2,NA,2,4,3,4,1,2,1,NA,NA,2,S,2,29,4,1,1,1,0,1
3498,208749,2,1,1,1,1,1,2,9,1,3,2,2,NA,2,NA,3,6,3,1,1,NA,1,1,1,1,2,1,2,NA,NA,NA,3,3,2,3,1,2,2,1,3,2,1,2,1,69,6,4,3,1,2,2,1,NA,NA,NA,1,1,1,NA,1,13,NA,1,2,6,1,1,NA,1,1,1,1,4,3,3,NA,NA,2,U,4,56,1,0,1,3,0,1
1932,202543,3,1,1,1,2,2,2,1,1,1,1,4,NA,NA,2,5,6,3,1,1,NA,1,1,2,1,1,1,2,1,1,1,3,1,1,1,1,1,3,1,1,3,1,3,1,45,4,2,4,1,1,2,1,NA,NA,NA,1,1,1,NA,1,1,NA,1,1,8,1,1,NA,1,1,1,1,NA,4,2,NA,NA,1,S,3,24,4,2,1,2,1,1
1479,200940,2,1,2,1,2,2,2,2,1,3,2,1,NA,3,NA,6,4,3,2,1,NA,1,2,2,1,2,2,1,1,1,2,2,3,4,3,2,1,2,5,2,5,1,5,1,22,1,1,5,6,2,2,1,NA,NA,NA,1,1,1,NA,1,2,NA,2,1,2,1,3,1,1,3,2,2,NA,3,3,NA,NA,2,U,3,48,3,0,1,3,0,1
160,100658,1,1,2,1,2,1,1,1,1,1,1,2,2,NA,NA,1,6,3,2,1,NA,4,3,1,NA,2,1,2,NA,NA,NA,2,2,2,2,2,2,2,2,2,2,2,2,2,38,3,2,4,2,1,1,7,NA,NA,NA,3,4,5,3,NA,2,NA,2,6,1,3,3,9,9,3,5,2,4,5,4,2,1,NA,U,1,36,5,1,1,3,1,0
3246,207742,3,1,4,1,2,2,2,1,1,1,1,1,NA,NA,3,2,6,3,1,1,NA,1,2,2,NA,1,2,2,NA,NA,NA,1,1,1,1,1,1,1,3,3,1,1,1,1,39,3,2,4,1,1,2,5,NA,NA,NA,4,5,5,NA,1,1,NA,1,4,3,3,4,2,2,9,9,2,4,7,5,NA,NA,2,R,3,45,1,2,1,3,0,1
2255,203784,2,1,3,2,2,2,2,2,2,4,2,3,NA,3,NA,3,6,3,1,1,NA,1,3,1,2,2,1,2,NA,NA,NA,4,2,2,2,2,2,2,1,4,4,2,1,1,52,4,3,3,1,2,2,1,NA,NA,NA,1,1,1,NA,1,12,NA,NA,5,7,1,3,1,1,3,2,1,4,2,2,NA,NA,2,S,2,19,3,0,1,2,0,1
490,102109,3,1,4,2,2,1,1,1,1,1,1,1,NA,NA,2,8,6,3,1,1,NA,4,1,1,2,1,1,2,1,1,1,1,1,1,1,2,2,2,4,1,3,1,5,1,64,5,3,3,1,2,2,2,NA,NA,NA,2,2,2,NA,2,1,NA,2,2,99,1,2,NA,2,5,4,1,4,2,2,1,NA,NA,S,3,12,4,0,1,2,1,1
